Sound,Count
wompwomp,168
combien,129
whatthehell,80
hpchess,57
petdog,68
emotionaldamage,46
coupe,97
pakistanwah,28
fartmoan,59
meow,99
pakistan1,56
grapeee,47
gogambling,29
englishspanish,56
pipe,56
outrosong,43
lapoly,127
goofysounds,37
noemie,52
galaxy,35
robloxdeath,43
pakistan2,41
normand,50
gtasanandreas,29
jackass,22
startengines,36
itscorn,33
millionbeers,44
mrboombastic,22
brice1,48
bingchilling,48
johncena,42
leptitbum,42
grossebibitte,37
dumbledore,39
anotherone,44
niceshot,38
symphony,47
rawr,38
peanutbuttah,44
ketchupsong,33
whatthesigma,54
hawktuah,56
hogrider,39
whatsupbro,28
brice2,48
cheese,30
nogod,22
moneyjiggle,30
whatarethose,21
paycheck,28
underwater,18
pisbowser,39
thefeeling,34
pakistan4,21
pakistan3,23
whatsheavier,44
33max,59
diddyparty,60
wompwompjc,68
lostdawg,51
banned,28
realfast,22
amongus,36
eatingdogs,24
ohmygodbro,26
